03월 15일,토요일,,,
,오전,,,
상품명,배송처,발주량,환산수량,단위
초밥용넙치,고척점,110,5,EA
초밥용넙치,광명점,140,6,EA
테스트1,테스트1,테스트1,테스트1,테스트1
테스트2,테스트2,테스트2,테스트2,테스트2
테스트3,테스트3,테스트3,테스트3,테스트3
테스트4,테스트4,테스트4,테스트4,테스트4
테스트5,테스트5,테스트5,테스트5,테스트5
테스트6,테스트6,테스트6,테스트6,테스트6
테스트7,테스트7,테스트7,테스트7,테스트7
테스트8,테스트8,테스트8,테스트8,테스트8
테스트9,테스트9,테스트9,테스트9,테스트9
테스트10,테스트10,테스트10,테스트10,테스트10
테스트11,테스트11,테스트11,테스트11,테스트11
테스트12,테스트12,테스트12,테스트12,테스트12
테스트13,테스트13,테스트13,테스트13,테스트13
테스트14,테스트14,테스트14,테스트14,테스트14
테스트15,테스트15,테스트15,테스트15,테스트15
테스트16,테스트16,테스트16,테스트16,테스트16
테스트17,테스트17,테스트17,테스트17,테스트17
테스트18,테스트18,테스트18,테스트18,테스트18
테스트19,테스트19,테스트19,테스트19,테스트19
테스트20,테스트20,테스트20,테스트20,테스트20
테스트21,테스트21,테스트21,테스트21,테스트21
테스트22,테스트22,테스트22,테스트22,테스트22
테스트23,테스트23,테스트23,테스트23,테스트23
테스트24,테스트24,테스트24,테스트24,테스트24
테스트25,테스트25,테스트25,테스트25,테스트25
테스트26,테스트26,테스트26,테스트26,테스트26
테스트27,테스트27,테스트27,테스트27,테스트27
테스트28,테스트28,테스트28,테스트28,테스트28
테스트29,테스트29,테스트29,테스트29,테스트29
테스트30,테스트30,테스트30,테스트30,테스트30
테스트31,테스트31,테스트31,테스트31,테스트31
테스트32,테스트32,테스트32,테스트32,테스트32
테스트33,테스트33,테스트33,테스트33,테스트33
테스트34,테스트34,테스트34,테스트34,테스트34
테스트35,테스트35,테스트35,테스트35,테스트35
테스트36,테스트36,테스트36,테스트36,테스트36
테스트37,테스트37,테스트37,테스트37,테스트37
테스트38,테스트38,테스트38,테스트38,테스트38
테스트39,테스트39,테스트39,테스트39,테스트39
테스트40,테스트40,테스트40,테스트40,테스트40
테스트41,테스트41,테스트41,테스트41,테스트41
테스트42,테스트42,테스트42,테스트42,테스트42
테스트43,테스트43,테스트43,테스트43,테스트43
테스트44,테스트44,테스트44,테스트44,테스트44
테스트45,테스트45,테스트45,테스트45,테스트45
테스트46,테스트46,테스트46,테스트46,테스트46
테스트47,테스트47,테스트47,테스트47,테스트47
테스트48,테스트48,테스트48,테스트48,테스트48
테스트49,테스트49,테스트49,테스트49,테스트49
테스트50,테스트50,테스트50,테스트50,테스트50
테스트51,테스트51,테스트51,테스트51,테스트51
테스트52,테스트52,테스트52,테스트52,테스트52
테스트53,테스트53,테스트53,테스트53,테스트53
테스트54,테스트54,테스트54,테스트54,테스트54
테스트55,테스트55,테스트55,테스트55,테스트55
테스트56,테스트56,테스트56,테스트56,테스트56
테스트57,테스트57,테스트57,테스트57,테스트57
테스트58,테스트58,테스트58,테스트58,테스트58
테스트59,테스트59,테스트59,테스트59,테스트59
테스트60,테스트60,테스트60,테스트60,테스트60
테스트61,테스트61,테스트61,테스트61,테스트61
테스트62,테스트62,테스트62,테스트62,테스트62
테스트63,테스트63,테스트63,테스트63,테스트63
테스트64,테스트64,테스트64,테스트64,테스트64
테스트65,테스트65,테스트65,테스트65,테스트65
테스트66,테스트66,테스트66,테스트66,테스트66
테스트67,테스트67,테스트67,테스트67,테스트67
테스트68,테스트68,테스트68,테스트68,테스트68
테스트69,테스트69,테스트69,테스트69,테스트69
테스트70,테스트70,테스트70,테스트70,테스트70
테스트71,테스트71,테스트71,테스트71,테스트71
테스트72,테스트72,테스트72,테스트72,테스트72
테스트73,테스트73,테스트73,테스트73,테스트73
테스트74,테스트74,테스트74,테스트74,테스트74
테스트75,테스트75,테스트75,테스트75,테스트75
테스트76,테스트76,테스트76,테스트76,테스트76
테스트77,테스트77,테스트77,테스트77,테스트77
테스트78,테스트78,테스트78,테스트78,테스트78
테스트79,테스트79,테스트79,테스트79,테스트79
테스트80,테스트80,테스트80,테스트80,테스트80
테스트81,테스트81,테스트81,테스트81,테스트81
테스트82,테스트82,테스트82,테스트82,테스트82
테스트83,테스트83,테스트83,테스트83,테스트83
테스트84,테스트84,테스트84,테스트84,테스트84
테스트85,테스트85,테스트85,테스트85,테스트85
테스트86,테스트86,테스트86,테스트86,테스트86
테스트87,테스트87,테스트87,테스트87,테스트87
테스트88,테스트88,테스트88,테스트88,테스트88
테스트89,테스트89,테스트89,테스트89,테스트89
테스트90,테스트90,테스트90,테스트90,테스트90
테스트91,테스트91,테스트91,테스트91,테스트91
테스트92,테스트92,테스트92,테스트92,테스트92
테스트93,테스트93,테스트93,테스트93,테스트93
테스트94,테스트94,테스트94,테스트94,테스트94
테스트95,테스트95,테스트95,테스트95,테스트95
테스트96,테스트96,테스트96,테스트96,테스트96
테스트97,테스트97,테스트97,테스트97,테스트97
테스트98,테스트98,테스트98,테스트98,테스트98
테스트99,테스트99,테스트99,테스트99,테스트99
테스트100,테스트100,테스트100,테스트100,테스트100
테스트101,테스트101,테스트101,테스트101,테스트101
테스트102,테스트102,테스트102,테스트102,테스트102
테스트103,테스트103,테스트103,테스트103,테스트103
테스트104,테스트104,테스트104,테스트104,테스트104
테스트105,테스트105,테스트105,테스트105,테스트105
테스트106,테스트106,테스트106,테스트106,테스트106
테스트107,테스트107,테스트107,테스트107,테스트107
테스트108,테스트108,테스트108,테스트108,테스트108
테스트109,테스트109,테스트109,테스트109,테스트109
테스트110,테스트110,테스트110,테스트110,테스트110
테스트111,테스트111,테스트111,테스트111,테스트111
테스트112,테스트112,테스트112,테스트112,테스트112
테스트113,테스트113,테스트113,테스트113,테스트113
테스트114,테스트114,테스트114,테스트114,테스트114
테스트115,테스트115,테스트115,테스트115,테스트115
테스트116,테스트116,테스트116,테스트116,테스트116
테스트117,테스트117,테스트117,테스트117,테스트117
테스트118,테스트118,테스트118,테스트118,테스트118
테스트119,테스트119,테스트119,테스트119,테스트119
테스트120,테스트120,테스트120,테스트120,테스트120
테스트121,테스트121,테스트121,테스트121,테스트121
테스트122,테스트122,테스트122,테스트122,테스트122
테스트123,테스트123,테스트123,테스트123,테스트123
테스트124,테스트124,테스트124,테스트124,테스트124
테스트125,테스트125,테스트125,테스트125,테스트125
테스트126,테스트126,테스트126,테스트126,테스트126
테스트127,테스트127,테스트127,테스트127,테스트127
테스트128,테스트128,테스트128,테스트128,테스트128
테스트129,테스트129,테스트129,테스트129,테스트129
테스트130,테스트130,테스트130,테스트130,테스트130
테스트131,테스트131,테스트131,테스트131,테스트131
테스트132,테스트132,테스트132,테스트132,테스트132
테스트133,테스트133,테스트133,테스트133,테스트133
테스트134,테스트134,테스트134,테스트134,테스트134
테스트135,테스트135,테스트135,테스트135,테스트135
테스트136,테스트136,테스트136,테스트136,테스트136
테스트137,테스트137,테스트137,테스트137,테스트137
테스트138,테스트138,테스트138,테스트138,테스트138
테스트139,테스트139,테스트139,테스트139,테스트139
테스트140,테스트140,테스트140,테스트140,테스트140
테스트141,테스트141,테스트141,테스트141,테스트141
테스트142,테스트142,테스트142,테스트142,테스트142
테스트143,테스트143,테스트143,테스트143,테스트143
테스트144,테스트144,테스트144,테스트144,테스트144
테스트145,테스트145,테스트145,테스트145,테스트145
테스트146,테스트146,테스트146,테스트146,테스트146
테스트147,테스트147,테스트147,테스트147,테스트147
테스트148,테스트148,테스트148,테스트148,테스트148
테스트149,테스트149,테스트149,테스트149,테스트149
테스트150,테스트150,테스트150,테스트150,테스트150
테스트151,테스트151,테스트151,테스트151,테스트151
테스트152,테스트152,테스트152,테스트152,테스트152
테스트153,테스트153,테스트153,테스트153,테스트153
테스트154,테스트154,테스트154,테스트154,테스트154
테스트155,테스트155,테스트155,테스트155,테스트155
테스트156,테스트156,테스트156,테스트156,테스트156
테스트157,테스트157,테스트157,테스트157,테스트157
테스트158,테스트158,테스트158,테스트158,테스트158
테스트159,테스트159,테스트159,테스트159,테스트159
테스트160,테스트160,테스트160,테스트160,테스트160
테스트161,테스트161,테스트161,테스트161,테스트161
테스트162,테스트162,테스트162,테스트162,테스트162
테스트163,테스트163,테스트163,테스트163,테스트163
테스트164,테스트164,테스트164,테스트164,테스트164
테스트165,테스트165,테스트165,테스트165,테스트165
테스트166,테스트166,테스트166,테스트166,테스트166
테스트167,테스트167,테스트167,테스트167,테스트167
테스트168,테스트168,테스트168,테스트168,테스트168
테스트169,테스트169,테스트169,테스트169,테스트169
테스트170,테스트170,테스트170,테스트170,테스트170
테스트171,테스트171,테스트171,테스트171,테스트171
테스트172,테스트172,테스트172,테스트172,테스트172
테스트173,테스트173,테스트173,테스트173,테스트173
테스트174,테스트174,테스트174,테스트174,테스트174
테스트175,테스트175,테스트175,테스트175,테스트175
테스트176,테스트176,테스트176,테스트176,테스트176
테스트177,테스트177,테스트177,테스트177,테스트177
테스트178,테스트178,테스트178,테스트178,테스트178
테스트179,테스트179,테스트179,테스트179,테스트179
테스트180,테스트180,테스트180,테스트180,테스트180
테스트181,테스트181,테스트181,테스트181,테스트181
테스트182,테스트182,테스트182,테스트182,테스트182
테스트183,테스트183,테스트183,테스트183,테스트183
테스트184,테스트184,테스트184,테스트184,테스트184
테스트185,테스트185,테스트185,테스트185,테스트185
테스트186,테스트186,테스트186,테스트186,테스트186
테스트187,테스트187,테스트187,테스트187,테스트187
테스트188,테스트188,테스트188,테스트188,테스트188
테스트189,테스트189,테스트189,테스트189,테스트189
테스트190,테스트190,테스트190,테스트190,테스트190
테스트191,테스트191,테스트191,테스트191,테스트191
테스트192,테스트192,테스트192,테스트192,테스트192
테스트193,테스트193,테스트193,테스트193,테스트193
테스트194,테스트194,테스트194,테스트194,테스트194
테스트195,테스트195,테스트195,테스트195,테스트195
테스트196,테스트196,테스트196,테스트196,테스트196
테스트197,테스트197,테스트197,테스트197,테스트197
테스트198,테스트198,테스트198,테스트198,테스트198
테스트199,테스트199,테스트199,테스트199,테스트199
테스트200,테스트200,테스트200,테스트200,테스트200
테스트201,테스트201,테스트201,테스트201,테스트201
테스트202,테스트202,테스트202,테스트202,테스트202
테스트203,테스트203,테스트203,테스트203,테스트203
테스트204,테스트204,테스트204,테스트204,테스트204
테스트205,테스트205,테스트205,테스트205,테스트205
테스트206,테스트206,테스트206,테스트206,테스트206
테스트207,테스트207,테스트207,테스트207,테스트207
테스트208,테스트208,테스트208,테스트208,테스트208
테스트209,테스트209,테스트209,테스트209,테스트209
테스트210,테스트210,테스트210,테스트210,테스트210
테스트211,테스트211,테스트211,테스트211,테스트211
테스트212,테스트212,테스트212,테스트212,테스트212
테스트213,테스트213,테스트213,테스트213,테스트213
테스트214,테스트214,테스트214,테스트214,테스트214
테스트215,테스트215,테스트215,테스트215,테스트215
테스트216,테스트216,테스트216,테스트216,테스트216
테스트217,테스트217,테스트217,테스트217,테스트217
테스트218,테스트218,테스트218,테스트218,테스트218
테스트219,테스트219,테스트219,테스트219,테스트219
테스트220,테스트220,테스트220,테스트220,테스트220
테스트221,테스트221,테스트221,테스트221,테스트221
테스트222,테스트222,테스트222,테스트222,테스트222
테스트223,테스트223,테스트223,테스트223,테스트223
테스트224,테스트224,테스트224,테스트224,테스트224
테스트225,테스트225,테스트225,테스트225,테스트225
테스트226,테스트226,테스트226,테스트226,테스트226
테스트227,테스트227,테스트227,테스트227,테스트227
테스트228,테스트228,테스트228,테스트228,테스트228
테스트229,테스트229,테스트229,테스트229,테스트229
테스트230,테스트230,테스트230,테스트230,테스트230
테스트231,테스트231,테스트231,테스트231,테스트231
테스트232,테스트232,테스트232,테스트232,테스트232
테스트233,테스트233,테스트233,테스트233,테스트233
테스트234,테스트234,테스트234,테스트234,테스트234
테스트235,테스트235,테스트235,테스트235,테스트235
테스트236,테스트236,테스트236,테스트236,테스트236
테스트237,테스트237,테스트237,테스트237,테스트237
테스트238,테스트238,테스트238,테스트238,테스트238
테스트239,테스트239,테스트239,테스트239,테스트239
테스트240,테스트240,테스트240,테스트240,테스트240
테스트241,테스트241,테스트241,테스트241,테스트241
테스트242,테스트242,테스트242,테스트242,테스트242
테스트243,테스트243,테스트243,테스트243,테스트243
테스트244,테스트244,테스트244,테스트244,테스트244
테스트245,테스트245,테스트245,테스트245,테스트245
테스트246,테스트246,테스트246,테스트246,테스트246
테스트247,테스트247,테스트247,테스트247,테스트247
테스트248,테스트248,테스트248,테스트248,테스트248
테스트249,테스트249,테스트249,테스트249,테스트249
테스트250,테스트250,테스트250,테스트250,테스트250
테스트251,테스트251,테스트251,테스트251,테스트251
테스트252,테스트252,테스트252,테스트252,테스트252
테스트253,테스트253,테스트253,테스트253,테스트253
테스트254,테스트254,테스트254,테스트254,테스트254
테스트255,테스트255,테스트255,테스트255,테스트255
테스트256,테스트256,테스트256,테스트256,테스트256
테스트257,테스트257,테스트257,테스트257,테스트257
테스트258,테스트258,테스트258,테스트258,테스트258
테스트259,테스트259,테스트259,테스트259,테스트259
테스트260,테스트260,테스트260,테스트260,테스트260
테스트261,테스트261,테스트261,테스트261,테스트261
테스트262,테스트262,테스트262,테스트262,테스트262
테스트263,테스트263,테스트263,테스트263,테스트263
테스트264,테스트264,테스트264,테스트264,테스트264
테스트265,테스트265,테스트265,테스트265,테스트265
테스트266,테스트266,테스트266,테스트266,테스트266
테스트267,테스트267,테스트267,테스트267,테스트267
테스트268,테스트268,테스트268,테스트268,테스트268
테스트269,테스트269,테스트269,테스트269,테스트269
테스트270,테스트270,테스트270,테스트270,테스트270
테스트271,테스트271,테스트271,테스트271,테스트271
테스트272,테스트272,테스트272,테스트272,테스트272
테스트273,테스트273,테스트273,테스트273,테스트273
테스트274,테스트274,테스트274,테스트274,테스트274
테스트275,테스트275,테스트275,테스트275,테스트275
테스트276,테스트276,테스트276,테스트276,테스트276
테스트277,테스트277,테스트277,테스트277,테스트277
테스트278,테스트278,테스트278,테스트278,테스트278
테스트279,테스트279,테스트279,테스트279,테스트279
테스트280,테스트280,테스트280,테스트280,테스트280
테스트281,테스트281,테스트281,테스트281,테스트281
테스트282,테스트282,테스트282,테스트282,테스트282
테스트283,테스트283,테스트283,테스트283,테스트283
테스트284,테스트284,테스트284,테스트284,테스트284
테스트285,테스트285,테스트285,테스트285,테스트285
테스트286,테스트286,테스트286,테스트286,테스트286
테스트287,테스트287,테스트287,테스트287,테스트287
테스트288,테스트288,테스트288,테스트288,테스트288
테스트289,테스트289,테스트289,테스트289,테스트289
테스트290,테스트290,테스트290,테스트290,테스트290
테스트291,테스트291,테스트291,테스트291,테스트291
테스트292,테스트292,테스트292,테스트292,테스트292
테스트293,테스트293,테스트293,테스트293,테스트293
테스트294,테스트294,테스트294,테스트294,테스트294
테스트295,테스트295,테스트295,테스트295,테스트295
테스트296,테스트296,테스트296,테스트296,테스트296
테스트297,테스트297,테스트297,테스트297,테스트297
테스트298,테스트298,테스트298,테스트298,테스트298
테스트299,테스트299,테스트299,테스트299,테스트299
테스트300,테스트300,테스트300,테스트300,테스트300
테스트301,테스트301,테스트301,테스트301,테스트301
테스트302,테스트302,테스트302,테스트302,테스트302
테스트303,테스트303,테스트303,테스트303,테스트303
테스트304,테스트304,테스트304,테스트304,테스트304
테스트305,테스트305,테스트305,테스트305,테스트305
테스트306,테스트306,테스트306,테스트306,테스트306
테스트307,테스트307,테스트307,테스트307,테스트307
테스트308,테스트308,테스트308,테스트308,테스트308
테스트309,테스트309,테스트309,테스트309,테스트309
테스트310,테스트310,테스트310,테스트310,테스트310
테스트311,테스트311,테스트311,테스트311,테스트311
테스트312,테스트312,테스트312,테스트312,테스트312
테스트313,테스트313,테스트313,테스트313,테스트313
테스트314,테스트314,테스트314,테스트314,테스트314
테스트315,테스트315,테스트315,테스트315,테스트315
테스트316,테스트316,테스트316,테스트316,테스트316
테스트317,테스트317,테스트317,테스트317,테스트317
테스트318,테스트318,테스트318,테스트318,테스트318
테스트319,테스트319,테스트319,테스트319,테스트319
테스트320,테스트320,테스트320,테스트320,테스트320
테스트321,테스트321,테스트321,테스트321,테스트321
테스트322,테스트322,테스트322,테스트322,테스트322
테스트323,테스트323,테스트323,테스트323,테스트323
테스트324,테스트324,테스트324,테스트324,테스트324
테스트325,테스트325,테스트325,테스트325,테스트325
테스트326,테스트326,테스트326,테스트326,테스트326
테스트327,테스트327,테스트327,테스트327,테스트327
테스트328,테스트328,테스트328,테스트328,테스트328
테스트329,테스트329,테스트329,테스트329,테스트329
테스트330,테스트330,테스트330,테스트330,테스트330
테스트331,테스트331,테스트331,테스트331,테스트331
테스트332,테스트332,테스트332,테스트332,테스트332
테스트333,테스트333,테스트333,테스트333,테스트333
테스트334,테스트334,테스트334,테스트334,테스트334
테스트335,테스트335,테스트335,테스트335,테스트335
테스트336,테스트336,테스트336,테스트336,테스트336
테스트337,테스트337,테스트337,테스트337,테스트337
테스트338,테스트338,테스트338,테스트338,테스트338
테스트339,테스트339,테스트339,테스트339,테스트339
테스트340,테스트340,테스트340,테스트340,테스트340
테스트341,테스트341,테스트341,테스트341,테스트341
테스트342,테스트342,테스트342,테스트342,테스트342
테스트343,테스트343,테스트343,테스트343,테스트343
테스트344,테스트344,테스트344,테스트344,테스트344
테스트345,테스트345,테스트345,테스트345,테스트345
테스트346,테스트346,테스트346,테스트346,테스트346
테스트347,테스트347,테스트347,테스트347,테스트347
테스트348,테스트348,테스트348,테스트348,테스트348
테스트349,테스트349,테스트349,테스트349,테스트349
테스트350,테스트350,테스트350,테스트350,테스트350
테스트351,테스트351,테스트351,테스트351,테스트351
테스트352,테스트352,테스트352,테스트352,테스트352
테스트353,테스트353,테스트353,테스트353,테스트353
테스트354,테스트354,테스트354,테스트354,테스트354
테스트355,테스트355,테스트355,테스트355,테스트355
테스트356,테스트356,테스트356,테스트356,테스트356
테스트357,테스트357,테스트357,테스트357,테스트357
테스트358,테스트358,테스트358,테스트358,테스트358
테스트359,테스트359,테스트359,테스트359,테스트359
테스트360,테스트360,테스트360,테스트360,테스트360
테스트361,테스트361,테스트361,테스트361,테스트361
테스트362,테스트362,테스트362,테스트362,테스트362
테스트363,테스트363,테스트363,테스트363,테스트363
테스트364,테스트364,테스트364,테스트364,테스트364
테스트365,테스트365,테스트365,테스트365,테스트365
테스트366,테스트366,테스트366,테스트366,테스트366
테스트367,테스트367,테스트367,테스트367,테스트367
테스트368,테스트368,테스트368,테스트368,테스트368
테스트369,테스트369,테스트369,테스트369,테스트369
테스트370,테스트370,테스트370,테스트370,테스트370
테스트371,테스트371,테스트371,테스트371,테스트371
테스트372,테스트372,테스트372,테스트372,테스트372
테스트373,테스트373,테스트373,테스트373,테스트373
테스트374,테스트374,테스트374,테스트374,테스트374
테스트375,테스트375,테스트375,테스트375,테스트375
테스트376,테스트376,테스트376,테스트376,테스트376
테스트377,테스트377,테스트377,테스트377,테스트377
테스트378,테스트378,테스트378,테스트378,테스트378
테스트379,테스트379,테스트379,테스트379,테스트379
테스트380,테스트380,테스트380,테스트380,테스트380
테스트381,테스트381,테스트381,테스트381,테스트381
테스트382,테스트382,테스트382,테스트382,테스트382
테스트383,테스트383,테스트383,테스트383,테스트383
테스트384,테스트384,테스트384,테스트384,테스트384
테스트385,테스트385,테스트385,테스트385,테스트385
테스트386,테스트386,테스트386,테스트386,테스트386
테스트387,테스트387,테스트387,테스트387,테스트387
테스트388,테스트388,테스트388,테스트388,테스트388
테스트389,테스트389,테스트389,테스트389,테스트389
테스트390,테스트390,테스트390,테스트390,테스트390
테스트391,테스트391,테스트391,테스트391,테스트391
테스트392,테스트392,테스트392,테스트392,테스트392
테스트393,테스트393,테스트393,테스트393,테스트393
테스트394,테스트394,테스트394,테스트394,테스트394
테스트395,테스트395,테스트395,테스트395,테스트395
테스트396,테스트396,테스트396,테스트396,테스트396
테스트397,테스트397,테스트397,테스트397,테스트397
테스트398,테스트398,테스트398,테스트398,테스트398
테스트399,테스트399,테스트399,테스트399,테스트399
테스트400,테스트400,테스트400,테스트400,테스트400
